full_name,age,position,nationality,goals_overall,assists_overall,yellow_cards_overall,red_cards_overall,Current Club
Aaron Cresswell,32,Defender,England,0,1,1,0,West Ham United
Aaron Lennon,35,Midfielder,England,1,1,1,0,Burnley
Aaron Mooy,32,Midfielder,Australia,3,1,4,0,Huddersfield Town
Aaron Ramsey,31,Midfielder,Wales,4,6,0,0,Arsenal
Aaron Rowe,22,Forward,England,0,0,0,0,Huddersfield Town
Aaron Wan-Bissaka,24,Midfielder,England,0,3,5,1,Crystal Palace
Abdelhamid Sabiri,25,Midfielder,Morocco,0,0,0,0,Huddersfield Town
Abdoulaye Doucouré,29,Midfielder,France,5,6,7,0,Watford
Aboubakar Kamara,27,Forward,France,3,0,2,0,Fulham
Adalberto Peñaranda Maestre,25,Forward,Venezuela,0,0,0,0,Watford
Adam David Lallana,34,Midfielder,England,0,0,1,0,Liverpool
Adam Masina,28,Defender,Italy,0,1,5,0,Watford
Adam Smith,31,Defender,England,1,1,6,1,AFC Bournemouth
Adama Diakhaby,26,Forward,France,0,0,1,0,Huddersfield Town
Adama Traoré Diarra,26,Midfielder,Spain,1,1,1,0,Wolverhampton Wanderers
Ademola Lookman,25,Forward,England,0,2,0,0,Everton
Adrian Mariappa,36,Defender,Jamaica,0,0,3,0,Watford
Adrián San Miguel del Castillo,35,Goalkeeper,Spain,0,0,0,0,West Ham United
Adrien Sebastian Perruchet Silva,33,Midfielder,Portugal,0,0,0,0,Leicester City
Ainsley Maitland-Niles,25,Midfielder,England,1,1,3,1,Arsenal
Alberto Moreno,30,Defender,Spain,0,0,0,0,Liverpool
Aleksandar Mitrović,28,Forward,Serbia,11,3,7,0,Fulham
Alex Iwobi,26,Forward,Nigeria,3,6,0,0,Arsenal
Alex McCarthy,32,Goalkeeper,England,0,0,1,0,Southampton
Alex Oxlade-Chamberlain,29,Midfielder,England,0,0,0,0,Liverpool
Alex Pritchard,29,Midfielder,England,2,0,2,0,Huddersfield Town
Alex Smithies,32,Goalkeeper,England,0,0,0,0,Cardiff City
Alexander Sørloth,26,Forward,Norway,0,0,0,0,Crystal Palace
Alexandre Lacazette,31,Forward,France,13,8,2,0,Arsenal
Alexandre Nascimento Costa Silva,25,Forward,Portugal,0,0,0,0,West Ham United
Alexis Sanchez,33,Forward,Chile,1,3,3,0,Manchester United
Alfie Jones,25,Defender,England,0,0,0,0,Southampton
Alfie Mawson,28,Defender,England,0,0,2,0,Fulham
Alfie Whiteman,24,Goalkeeper,England,0,0,0,0,Tottenham Hotspur
Ali Koiki,22,Defender,England,0,0,0,0,Burnley
Alireza Jahanbakhsh,29,Forward,Iran,0,0,2,0,Brighton & Hove Albion
Alisson Becker,30,Goalkeeper,Brazil,0,0,1,0,Liverpool
Alvaro Morata,30,Forward,Spain,5,0,3,0,Chelsea
Ander Herrera,33,Midfielder,Spain,2,3,4,0,Manchester United
André Filipe Tavares Gomes,29,Midfielder,Portugal,1,1,7,0,Everton
Andre Gray,31,Forward,England,7,2,2,0,Watford
André Schürrle,31,Midfielder,Germany,6,0,2,0,Fulham
André-Frank Zambo Anguissa,26,Midfielder,Cameroon,0,0,3,1,Fulham
Andreas Christensen,26,Defender,Denmark,0,0,1,0,Chelsea
Andreas Pereira,26,Midfielder,Brazil,1,1,5,0,Manchester United
Andrew Robertson,28,Defender,Scotland,0,11,4,0,Liverpool
Andrew Surman,36,Midfielder,England,0,0,2,0,AFC Bournemouth
Andriy Yarmolenko,33,Forward,Ukraine,2,0,2,0,West Ham United
Andros Townsend,31,Midfielder,England,6,4,1,0,Crystal Palace
Andy Carroll,33,Forward,England,0,0,2,0,West Ham United
Angel Gomes,22,Midfielder,England,0,0,0,0,Manchester United
Angelo Ogbonna,34,Defender,Italy,1,1,2,0,West Ham United
Angus Gunn,26,Goalkeeper,England,0,0,0,0,Southampton
Anthony Driscoll-Glennon,22,Defender,England,0,0,0,0,Burnley
Anthony Knockaert,30,Midfielder,France,2,6,5,1,Brighton & Hove Albion
Anthony Martial,26,Forward,France,10,2,2,0,Manchester United
Antonio Barreca,27,Defender,Italy,0,0,0,0,Newcastle United
Antonio Rüdiger,29,Defender,Germany,1,0,7,0,Chelsea
Antonio Valencia,37,Defender,Ecuador,0,0,2,0,Manchester United
Arijanet Muric,23,Goalkeeper,Montenegro,0,0,0,0,Manchester City
Aron Einar Gunnarsson,33,Midfielder,Iceland,1,1,5,0,Cardiff City
Arthur Masuaku,28,Defender,France,0,1,2,0,West Ham United
Artur Boruc,42,Goalkeeper,Poland,0,0,2,0,AFC Bournemouth
Ashley Barnes,32,Forward,England,12,2,8,0,Burnley
Ashley Westwood,32,Midfielder,England,2,7,5,0,Burnley
Ashley Young,37,Midfielder,England,2,2,10,1,Manchester United
Asmir Begović,35,Goalkeeper,Bosnia and Herzegovina,0,0,0,0,AFC Bournemouth
Aymeric Laporte,28,Defender,France,3,3,3,0,Manchester City
Ayoze Perez,29,Forward,Spain,12,2,2,0,Newcastle United
Bakary Sako,34,Midfielder,Mali,0,0,0,0,Crystal Palace
Ben Chilwell,25,Defender,England,0,4,4,0,Leicester City
Ben Davies,29,Defender,Wales,0,0,2,0,Tottenham Hotspur
Ben Foster,39,Goalkeeper,England,0,0,1,0,Watford
Ben Gibson,29,Defender,England,1,0,1,0,Burnley
Ben Hamer,34,Goalkeeper,England,0,0,0,0,Huddersfield Town
Ben Mee,33,Defender,England,0,2,9,0,Burnley
Ben White,25,Defender,England,0,0,0,0,Brighton & Hove Albion
Ben Wilmot,23,Defender,England,0,0,0,0,Watford
Benjamin Johnson,22,Forward,England,0,0,0,0,West Ham United
Benjamin Mendy,28,Defender,France,0,5,1,0,Manchester City
Beram Kayal,34,Midfielder,Israel,1,1,4,0,Brighton & Hove Albion
Bernard Anício Caldeira Duarte,30,Midfielder,Brazil,1,3,5,0,Everton
Bernardo,27,Defender,Brazil,0,1,4,0,Brighton & Hove Albion
Bernardo Silva,28,Midfielder,Portugal,7,7,3,0,Manchester City
Bernd Leno,30,Goalkeeper,Germany,0,0,0,0,Arsenal
Bobby Reid,29,Midfielder,England,5,2,0,0,Cardiff City
Brian Murphy,39,Goalkeeper,Republic of Ireland,0,0,0,0,Cardiff City
Bright Enobakhare,24,Forward,England,0,0,0,0,Wolverhampton Wanderers
Bruno Écuélé Manga,34,Defender,Gabon,0,1,0,0,Cardiff City
Bruno Saltor Grau,42,Defender,Spain,0,1,2,0,Brighton & Hove Albion
Caglar Söyüncü,26,Defender,Turkey,0,0,1,0,Leicester City
Callum Hudson-Odoi,21,Midfielder,England,0,1,0,0,Chelsea
Callum Paterson,28,Defender,Scotland,4,1,4,0,Cardiff City
Callum Roberts,25,Forward,England,0,0,0,0,Newcastle United
Callum Slattery,23,Midfielder,England,0,0,0,0,Southampton
Callum Wilson,30,Forward,England,14,9,3,0,AFC Bournemouth
Calum Chambers,27,Defender,England,2,0,9,0,Fulham
Cameron John,23,Defender,England,0,0,0,0,Wolverhampton Wanderers
Carl Jenkinson,30,Defender,England,0,0,0,0,Arsenal
Carlos Sánchez,36,Midfielder,Colombia,0,0,0,0,West Ham United
Cedric Soares,31,Defender,Portugal,1,2,4,0,Southampton
Cenk Tosun,31,Forward,Turkey,3,3,3,0,Everton
Cesar Azpilicueta,33,Defender,Spain,1,5,4,0,Chelsea
Cesc Fabregas,35,Midfielder,Spain,0,0,1,0,Chelsea
Charlie Austin,33,Forward,England,2,2,1,0,Southampton
Charlie Daniels,36,Defender,England,1,0,4,0,AFC Bournemouth
Charlie Taylor,29,Defender,England,0,1,2,0,Burnley
Cheikhou Kouyaté,32,Midfielder,Senegal,0,2,3,0,Crystal Palace
Chris Löwe,33,Defender,Germany,0,2,2,0,Huddersfield Town
Chris Mepham,24,Defender,Wales,0,1,1,0,AFC Bournemouth
Chris Smalling,32,Defender,England,1,0,1,0,Manchester United
Chris Wood,30,Forward,New Zealand,10,2,2,0,Burnley
Christian Atsu Twasam,30,Midfielder,Ghana,1,0,2,0,Newcastle United
Christian Benteke,31,Forward,Belgium,1,1,1,0,Crystal Palace
Christian Eriksen,30,Midfielder,Denmark,8,12,3,0,Tottenham Hotspur
Christian Fuchs,36,Defender,Austria,0,0,0,0,Leicester City
Christian Kabasele,31,Defender,Belgium,0,0,4,1,Watford
Christopher Schindler,32,Defender,Germany,1,0,6,1,Huddersfield Town
Ciaran Clark,33,Defender,Republic of Ireland,3,0,1,0,Newcastle United
Claudio Andrés Bravo Muñoz,39,Goalkeeper,Chile,0,0,0,0,Manchester City
Collin Quaner,31,Forward,Germany,0,0,0,0,Huddersfield Town
Connor Wickham,29,Forward,England,0,1,0,0,Crystal Palace
Conor Coady,29,Midfielder,England,0,0,5,0,Wolverhampton Wanderers
Conor Coventry,22,Midfielder,Republic of Ireland,0,0,0,0,West Ham United
Craig Cathcart,33,Defender,Northern Ireland,3,0,2,0,Watford
Curtis Jones,21,Midfielder,England,0,0,0,0,Liverpool
Cyrus Christie,30,Defender,Republic of Ireland,0,1,7,0,Fulham
Dale Stephens,33,Midfielder,England,1,1,7,1,Brighton & Hove Albion
Damián Emiliano Martínez,30,Goalkeeper,Argentina,0,0,0,0,Arsenal
Dan Burn,30,Defender,England,0,0,0,0,Brighton & Hove Albion
Dan Gosling,32,Midfielder,England,2,1,8,0,AFC Bournemouth
Daniel Amartey,27,Midfielder,Ghana,0,0,2,0,Leicester City
Daniel Sturridge,33,Forward,England,2,1,1,0,Liverpool
Daniel William John Ings,30,Forward,England,7,3,1,0,Southampton
Daniel Williams,33,Midfielder,USA,0,0,1,0,Huddersfield Town
Danilo,31,Defender,Brazil,1,0,1,0,Manchester City
Danny Drinkwater,32,Midfielder,England,0,0,0,0,Chelsea
Danny Rose,32,Defender,England,0,3,5,0,Tottenham Hotspur
Danny Simpson,35,Defender,England,0,0,0,0,Leicester City
Danny Ward,29,Goalkeeper,Wales,0,0,0,0,Leicester City
Danny Ward,31,Forward,England,1,0,0,0,Cardiff City
Danny Welbeck,31,Forward,England,1,1,0,0,Arsenal
Daryl Janmaat,33,Defender,Netherlands,0,2,3,0,Watford
David Brooks,25,Forward,England,7,5,3,0,AFC Bournemouth
David Button,33,Goalkeeper,England,0,0,0,0,Brighton & Hove Albion
David de Gea,31,Goalkeeper,Spain,0,0,1,0,Manchester United
David Junior Hoilett,32,Forward,Canada,3,1,4,0,Cardiff City
David Luiz,35,Defender,Brazil,3,2,3,0,Chelsea
David Silva,36,Midfielder,Spain,6,8,3,0,Manchester City
Davide Zappacosta,30,Defender,Italy,0,0,0,0,Chelsea
Davinson Sánchez Mina,26,Defender,Colombia,1,1,2,0,Tottenham Hotspur
Davy Pröpper,31,Midfielder,Netherlands,1,1,2,0,Brighton & Hove Albion
DeAndre Yedlin,29,Defender,USA,1,2,7,1,Newcastle United
Declan Rice,23,Midfielder,Republic of Ireland,2,0,4,0,West Ham United
Dejan Lovren,33,Defender,Croatia,1,0,1,0,Liverpool
Dele Alli,26,Midfielder,England,5,3,4,0,Tottenham Hotspur
Demarai Gray,26,Midfielder,England,4,1,2,0,Leicester City
Demeaco Duhaney,24,Defender,England,0,0,0,0,Huddersfield Town
Denis Odoi,34,Defender,Belgium,0,1,4,0,Fulham
Denis Suárez,28,Midfielder,Spain,0,0,0,0,Arsenal
Diego Rico,29,Defender,Spain,0,0,1,0,AFC Bournemouth
Diogo José Teixeira da Silva,25,Midfielder,Portugal,9,5,11,0,Wolverhampton Wanderers
Divock Origi,27,Forward,Belgium,3,1,0,0,Liverpool
Domingos Quina,22,Midfielder,Portugal,1,0,0,0,Watford
Dominic Calvert-Lewin,25,Forward,England,6,2,3,0,Everton
Dominic Solanke,25,Forward,England,0,1,0,0,AFC Bournemouth
Dwight McNeil,22,Forward,England,3,5,2,0,Burnley
Eden Hazard,31,Midfielder,Belgium,16,15,2,0,Chelsea
Ederson,29,Goalkeeper,Brazil,0,1,2,0,Manchester City
Edward Nketiah,23,Forward,England,1,0,0,0,Arsenal
Elias Kachunga,30,Forward,Congo DR,0,0,2,0,Huddersfield Town
Emerson Hyndman,26,Midfielder,USA,0,0,0,0,AFC Bournemouth
Emerson Palmieri dos Santos,28,Defender,Italy,0,0,0,0,Chelsea
Emile Smith Rowe,22,Midfielder,England,0,0,0,0,Arsenal
Eric Bertrand Bailly,28,Defender,Ivory Coast,0,0,1,1,Manchester United
Eric Dier,28,Midfielder,England,3,0,4,0,Tottenham Hotspur
Erik Durm,30,Defender,Germany,0,1,0,0,Huddersfield Town
Erik Lamela,30,Midfielder,Argentina,4,2,2,0,Tottenham Hotspur
Ethan Ampadu,22,Midfielder,Wales,0,0,0,0,Chelsea
Etienne Capoue,34,Midfielder,France,1,3,15,1,Watford
Fabián Cornelio Balbuena González,31,Defender,Paraguay,1,0,2,0,West Ham United
Fabian Delph,32,Midfielder,England,0,1,2,1,Manchester City
Fabian Schär,30,Defender,Switzerland,4,1,12,0,Newcastle United
Fabinho,29,Midfielder,Brazil,1,2,6,0,Liverpool
Fabricio Martín Agosto Ramírez,34,Goalkeeper,Spain,0,0,0,0,Fulham
Faustino Marcos Alberto Rojo,32,Defender,Argentina,0,0,2,0,Manchester United
Federico Fernández,33,Defender,Argentina,0,1,2,0,Newcastle United
Felipe Anderson Pereira Gomes,29,Midfielder,Brazil,9,4,3,0,West Ham United
Fernando Llorente Torres,37,Forward,Spain,1,4,2,0,Tottenham Hotspur
Fernando Luiz Rosa,37,Midfielder,Brazil,1,3,5,0,Manchester City
Florent Hadergjonaj,28,Defender,Switzerland,0,0,1,0,Huddersfield Town
Florian Lejeune,31,Defender,France,0,0,0,0,Newcastle United
Florin Andone,29,Forward,Romania,3,0,5,0,Brighton & Hove Albion
Floyd Ayité,33,Midfielder,Togo,1,0,0,0,Fulham
Fousseni Diabaté,27,Midfielder,Mali,0,0,0,0,Leicester City
Francisco Femenía Far,31,Midfielder,Spain,1,1,1,0,Watford
Fraser Forster,34,Goalkeeper,England,0,0,0,0,Southampton
Freddie Woodman,25,Goalkeeper,England,0,0,0,0,Newcastle United
Frederico Rodrigues Santos,29,Midfielder,Brazil,1,1,2,0,Manchester United
Gabriel Jesus,25,Forward,Brazil,7,3,1,0,Manchester City
Gaëtan Bong Songo,34,Defender,Cameroon,0,0,0,0,Brighton & Hove Albion
Gary Cahill,36,Defender,England,0,0,0,0,Chelsea
Gary Madine,32,Forward,England,0,0,0,0,Cardiff City
George Marsh,23,Midfielder,England,0,0,0,0,Tottenham Hotspur
Georges-Kevin N'Koudou Mbida,27,Forward,France,0,1,0,0,Tottenham Hotspur
Georginio Wijnaldum,31,Midfielder,Netherlands,3,0,3,0,Liverpool
Gerard Deulofeu,28,Forward,Spain,10,5,3,0,Watford
Glenn Murray,39,Forward,England,13,1,5,0,Brighton & Hove Albion
Gonzalo Higuain,34,Forward,Argentina,5,0,0,0,Chelsea
Grady Diangana,24,Midfielder,England,0,1,0,0,West Ham United
Granit Xhaka,30,Midfielder,Switzerland,4,2,10,0,Arsenal
Greg Cunningham,31,Defender,Republic of Ireland,0,0,3,0,Cardiff City
Gylfi Sigurdsson,33,Midfielder,Iceland,13,6,3,0,Everton
Hamza Choudhury,25,Midfielder,England,0,0,0,0,Leicester City
Harry Arter,32,Midfielder,Republic of Ireland,0,1,10,0,Cardiff City
Harry Kane,29,Forward,England,17,4,5,0,Tottenham Hotspur
Harry Maguire,29,Defender,England,3,0,7,1,Leicester City
Harry Winks,26,Midfielder,England,1,0,4,0,Tottenham Hotspur
Harvey Lewis Barnes,24,Midfielder,England,1,2,0,0,Leicester City
Håvard Nordtveit,32,Midfielder,Norway,0,1,0,0,Fulham
Hector Bellerin,27,Defender,Spain,0,5,3,0,Arsenal
Hélder Wander Sousa Azevedo Costa,28,Midfielder,Portugal,1,2,3,0,Wolverhampton Wanderers
Henrikh Mkhitaryan,33,Midfielder,Armenia,6,4,1,0,Arsenal
Heung-Min Son,30,Forward,South Korea,12,6,3,1,Tottenham Hotspur
Heurelho da Silva Gomes,41,Goalkeeper,Brazil,0,0,0,0,Watford
Hugo Lloris,35,Goalkeeper,France,0,0,0,0,Tottenham Hotspur
Ibrahima Cissé,28,Midfielder,Belgium,0,0,0,0,Fulham
Idrissa Gana Gueye,33,Midfielder,Senegal,0,2,6,0,Everton
İlkay Gündoğan,32,Midfielder,Germany,6,3,3,0,Manchester City
Isaac Ajayi Success,26,Forward,Nigeria,1,1,4,0,Watford
Isaac Hayden,27,Midfielder,England,1,4,4,1,Newcastle United
Isaac Mbenza,26,Forward,Belgium,1,1,1,0,Huddersfield Town
Issa Diop,25,Defender,France,1,0,4,0,West Ham United
Ivan Ricardo Neves Abreu Cavaleiro,29,Forward,Portugal,3,1,1,0,Wolverhampton Wanderers
Jack Cork,33,Midfielder,England,1,2,6,0,Burnley
Jack Simpson,25,Defender,England,0,0,0,0,AFC Bournemouth
Jack Stephens,28,Defender,England,1,0,4,0,Southampton
Jack Wilshere,30,Midfielder,England,0,1,2,0,West Ham United
Jacob Murphy,27,Midfielder,England,0,1,0,0,Newcastle United
Jaïro Riedewald,26,Defender,Netherlands,0,0,0,0,Crystal Palace
Jamal Lascelles,28,Defender,England,0,1,4,0,Newcastle United
James Garner,21,Defender,England,0,0,0,0,Manchester United
James Maddison,25,Midfielder,England,7,7,5,1,Leicester City
James McArthur,35,Midfielder,Scotland,3,6,7,0,Crystal Palace
James McCarthy,31,Midfielder,Republic of Ireland,0,0,0,0,Everton
James Milner,36,Midfielder,England,5,4,7,1,Liverpool
James Tarkowski,29,Defender,England,3,1,8,0,Burnley
James Tomkins,33,Defender,England,1,1,6,0,Crystal Palace
James Ward-Prowse,27,Midfielder,England,7,0,4,0,Southampton
Jamie Sterry,26,Defender,England,0,0,0,0,Newcastle United
Jamie Vardy,35,Forward,England,18,4,4,1,Leicester City
Jan Bednarek,26,Defender,Poland,0,1,7,0,Southampton
Jan Vertonghen,35,Defender,Belgium,1,0,5,1,Tottenham Hotspur
Jannik Vestergaard,30,Defender,Denmark,0,0,2,0,Southampton
Jason Puncheon,36,Midfielder,England,0,0,1,0,Huddersfield Town
Jason Steele,32,Goalkeeper,England,0,0,0,0,Brighton & Hove Albion
Javier Hernandez,34,Forward,Mexico,7,1,2,0,West Ham United
Javier Manquillo Gaitán,28,Defender,Spain,0,3,2,0,Newcastle United
Jayson Molumby,23,Midfielder,Republic of Ireland,0,0,0,0,Brighton & Hove Albion
Jazz Richards,31,Defender,Wales,0,0,0,0,Cardiff City
Jean Michau00ebl Seri,31,Midfielder,Ivory Coast,1,2,6,0,Fulham
Jeff Hendrick,30,Midfielder,Republic of Ireland,3,0,4,0,Burnley
Jefferson Lerma,28,Midfielder,Colombia,2,0,12,0,AFC Bournemouth
Jeffrey Schlupp,29,Defender,Ghana,4,1,1,0,Crystal Palace
Jermain Defoe,40,Forward,England,0,0,0,0,AFC Bournemouth
Jesse Lingard,29,Midfielder,England,4,2,3,0,Manchester United
João Moutinho,36,Midfielder,Portugal,1,8,4,0,Wolverhampton Wanderers
Joe Bennett,32,Defender,England,0,1,5,0,Cardiff City
Joe Bryan,29,Defender,England,0,1,5,0,Fulham
Joe Daniel Tupper,24,Goalkeeper,England,0,0,0,0,Crystal Palace
Joe Gomez,25,Defender,England,0,0,2,0,Liverpool
Joe Hart,35,Goalkeeper,England,0,0,0,0,Burnley
Joe Powell,24,Forward,England,0,0,0,0,West Ham United
Joe Ralls,29,Midfielder,England,0,0,5,1,Cardiff City
Joel Coleman,27,Goalkeeper,England,0,0,0,0,Huddersfield Town
Joel Matip,31,Defender,Cameroon,1,0,3,0,Liverpool
Joel Ward,32,Defender,England,1,0,1,0,Crystal Palace
Johann Berg Guðmunds­son,32,Midfielder,Iceland,3,6,2,0,Burnley
John Ruddy,36,Goalkeeper,England,0,0,0,0,Wolverhampton Wanderers
John Stones,28,Defender,England,0,0,1,0,Manchester City
Jon Gorenc Stankovič,26,Defender,Slovenia,1,0,2,0,Huddersfield Town
Jonas Lössl,33,Goalkeeper,Denmark,0,1,1,0,Huddersfield Town
Jonathan Hogg,33,Midfielder,England,0,1,9,1,Huddersfield Town
Jonathan Walters,39,Forward,Republic of Ireland,0,0,0,0,Burnley
Jonjo Shelvey,30,Midfielder,England,1,1,1,0,Newcastle United
Jonjoe Kenny,25,Defender,England,0,1,1,0,Everton
Jonny,28,Defender,Spain,1,1,6,0,Wolverhampton Wanderers
Jonny Evans,34,Defender,Northern Ireland,1,0,2,0,Leicester City
Jordan Ayew,31,Forward,Ghana,1,2,3,0,Crystal Palace
Jordan Henderson,32,Midfielder,England,1,3,3,1,Liverpool
Jordan Pickford,28,Goalkeeper,England,0,0,1,0,Everton
Jordon Ibe,26,Midfielder,England,1,1,1,0,AFC Bournemouth
Jorginho,30,Midfielder,Italy,2,0,8,0,Chelsea
José Diogo Dalot Teixeira,23,Defender,Portugal,0,2,3,0,Manchester United
José Holebas,38,Defender,Greece,3,6,13,1,Watford
Jose Izquierdo,30,Forward,Colombia,0,1,1,0,Brighton & Hove Albion
José Luis Sanmartín Mato,32,Forward,Spain,2,0,1,0,Newcastle United
Joseph Willock,23,Midfielder,England,0,0,0,0,Arsenal
Josh Benson,22,Midfielder,England,0,0,0,0,Burnley
Josh Knight,25,Defender,England,0,0,0,0,Leicester City
Josh Murphy,27,Forward,England,3,2,2,0,Cardiff City
Joshua King,30,Forward,Norway,12,3,3,0,AFC Bournemouth
Joshua Sims,25,Midfielder,England,0,1,0,0,Southampton
Juan Marcos Foyth,24,Defender,Argentina,1,0,4,1,Tottenham Hotspur
Juan Mata,34,Midfielder,Spain,3,2,3,0,Manchester United
Julián Speroni,43,Goalkeeper,Argentina,0,0,0,0,Crystal Palace
Juninho Bacuna,25,Midfielder,Netherlands,1,0,4,0,Huddersfield Town
Junior Stanislas,32,Midfielder,England,2,3,1,0,AFC Bournemouth
Jürgen Locadia,28,Forward,Netherlands,2,0,1,0,Brighton & Hove Albion
Kadeem Harris,29,Midfielder,England,1,0,1,0,Cardiff City
Karl Darlow,32,Goalkeeper,England,0,0,0,0,Newcastle United
Karlan Ahearne-Grant,24,Forward,England,4,0,0,0,Huddersfield Town
Kasper Schmeichel,35,Goalkeeper,Denmark,0,0,3,0,Leicester City
Kayne Ramsey,22,Midfielder,England,0,0,0,0,Southampton
Kazaiah Sterling,23,Forward,England,0,0,0,0,Tottenham Hotspur
Kelechi Iheanacho,26,Forward,Nigeria,1,3,2,0,Leicester City
Kelland Watts,23,Midfielder,England,0,0,0,0,Newcastle United
Ken Sema,29,Midfielder,Sweden,1,2,1,0,Watford
Kenneth Dahrup Zohorè,28,Forward,Denmark,1,1,1,0,Cardiff City
Kepa Arrizabalaga,28,Goalkeeper,Spain,0,0,2,0,Chelsea
Kevin De Bruyne,31,Midfielder,Belgium,2,2,2,0,Manchester City
Kevin Long,32,Defender,Republic of Ireland,0,1,0,0,Burnley
Kevin McDonald,33,Midfielder,Scotland,0,0,6,1,Fulham
Kieran Dowell,25,Midfielder,England,0,0,0,0,Everton
Kieran Trippier,32,Defender,England,1,3,2,0,Tottenham Hotspur
Konstantinos Mavropanos,24,Defender,Greece,0,0,1,0,Arsenal
Kortney Hause,27,Defender,England,0,0,0,0,Wolverhampton Wanderers
Kurt Zouma,28,Defender,France,2,2,5,1,Everton
Kyle Taylor,23,Midfielder,England,0,0,0,0,AFC Bournemouth
Kyle Walker,32,Defender,England,1,1,3,0,Manchester City
Kyle Walker-Peters,25,Defender,England,0,3,1,0,Tottenham Hotspur
Laurent Depoitre,33,Forward,Belgium,0,1,1,0,Huddersfield Town
Laurent Koscielny,37,Defender,France,3,0,1,0,Arsenal
Lazar Marković,28,Midfielder,Serbia,0,0,0,0,Fulham
Leander Dendoncker,27,Midfielder,Belgium,2,0,1,0,Wolverhampton Wanderers
Leandro Bacuna,31,Midfielder,Curaçao,0,0,2,0,Cardiff City
Lee Grant,39,Goalkeeper,England,0,0,0,0,Manchester United
Lee Peltier,35,Defender,England,0,0,4,0,Cardiff City
Leighton Baines,37,Defender,England,0,0,0,0,Everton
Leon Balogun,34,Defender,Nigeria,1,0,2,0,Brighton & Hove Albion
Leonardo Bonatini Lohner Maia,28,Forward,Brazil,0,1,0,0,Wolverhampton Wanderers
Leroy Sané,26,Midfielder,Germany,10,10,1,0,Manchester City
Lewis Cass,22,Defender,England,0,0,0,0,Newcastle United
Lewis Cook,25,Midfielder,England,0,0,2,0,AFC Bournemouth
Lewis Dunk,30,Defender,England,2,1,7,1,Brighton & Hove Albion
Loïc Damour,31,Midfielder,France,0,0,0,0,Cardiff City
Loris Karius,29,Goalkeeper,Germany,0,0,0,0,Liverpool
Luca de la Torre,24,Midfielder,USA,0,0,0,0,Fulham
Lucas Digne,29,Defender,France,4,4,6,1,Everton
Lucas Perez,34,Forward,Spain,3,0,0,0,West Ham United
Lucas Rodrigues Moura da Silva,30,Midfielder,Brazil,10,0,3,0,Tottenham Hotspur
Lucas Torreira,26,Midfielder,Uruguay,2,2,8,1,Arsenal
Luciano Vietto,28,Forward,Argentina,1,4,1,0,Fulham
Luka Milivojević,31,Midfielder,Serbia,12,2,10,0,Crystal Palace
Luke Amos,25,Midfielder,England,0,0,0,0,Tottenham Hotspur
Luke Dreher,23,Midfielder,England,0,0,0,0,Crystal Palace
Luke Shaw,27,Defender,England,1,4,11,0,Manchester United
Lys Mousset,26,Forward,France,1,0,1,0,AFC Bournemouth
Maarten Stekelenburg,40,Goalkeeper,Netherlands,0,0,0,0,Everton
Mamadou Sakho,32,Defender,France,0,0,2,0,Crystal Palace
Manolo Gabbiadini,30,Forward,Italy,1,0,0,0,Southampton
Manuel Lanzini,29,Midfielder,Argentina,1,1,2,0,West Ham United
Marc Albrighton,32,Midfielder,England,2,2,3,0,Leicester City
Marc Guehi,22,Defender,England,0,0,0,0,Chelsea
Marc Navarro Ceciliano,27,Defender,Spain,0,0,0,0,Watford
Marc Pugh,35,Midfielder,England,0,0,0,0,AFC Bournemouth
Marcos Alonso,31,Defender,Spain,2,4,6,0,Chelsea
Marcus Bettinelli,30,Goalkeeper,England,0,0,1,0,Fulham
Marcus Rashford,25,Forward,England,10,6,4,1,Manchester United
Mario Lemina,29,Midfielder,Gabon,1,1,5,0,Southampton
Mark Noble,35,Midfielder,England,5,5,7,1,West Ham United
Mark Travers,23,Goalkeeper,Republic of Ireland,0,0,0,0,AFC Bournemouth
Marko Arnautović,33,Forward,Austria,10,4,3,0,West Ham United
Markus Suttner,35,Defender,Austria,0,0,0,0,Brighton & Hove Albion
Marouane Fellaini,34,Midfielder,Belgium,0,1,1,0,Manchester United
Martin Dúbravka,33,Goalkeeper,Slovakia,0,0,1,0,Newcastle United
Martin Kelly,32,Defender,England,0,0,2,0,Crystal Palace
Martín Montoya,31,Defender,Spain,0,1,4,0,Brighton & Hove Albion
Mason Greenwood,21,Midfielder,England,0,0,0,0,Manchester United
Mason Holgate,26,Defender,England,0,0,1,0,Everton
Matěj Vydra,30,Forward,Czech Republic,1,1,1,0,Burnley
Mateo Kovačić,28,Midfielder,Croatia,0,2,3,0,Chelsea
Mathew Ryan,30,Goalkeeper,Australia,0,0,2,0,Brighton & Hove Albion
Mathias Jattah-Njie Jørgensen,32,Defender,Denmark,3,1,6,0,Huddersfield Town
Matt Butcher,25,Midfielder,England,0,0,0,0,AFC Bournemouth
Matt Doherty,30,Defender,Republic of Ireland,4,5,5,0,Wolverhampton Wanderers
Matt Ritchie,33,Midfielder,Scotland,2,8,9,0,Newcastle United
Matt Targett,27,Defender,England,1,3,2,0,Southampton
Matteo Darmian,32,Defender,Italy,0,0,0,0,Manchester United
Mattéo Guendouzi Olié,23,Midfielder,France,0,0,9,0,Arsenal
Matthew Connolly,35,Defender,England,0,0,0,0,Cardiff City
Matthew Lowton,33,Defender,England,0,0,7,0,Burnley
Matty Daly,21,Midfielder,England,0,0,0,0,Huddersfield Town
Max Harrison Sanders,23,Midfielder,England,0,0,0,0,Brighton & Hove Albion
Max Kilman,25,Defender,England,0,0,0,0,Wolverhampton Wanderers
Max Meyer,27,Midfielder,Germany,1,2,3,0,Crystal Palace
Maxime Le Marchand,33,Defender,France,0,1,5,0,Fulham
Maya Yoshida,34,Defender,Japan,0,1,0,0,Southampton
Mesut Özil,34,Midfielder,Germany,5,2,2,0,Arsenal
Michael Keane,29,Defender,England,1,2,2,0,Everton
Michael Obafemi,22,Forward,Republic of Ireland,1,1,1,0,Southampton
Michail Antonio,32,Midfielder,England,6,4,3,0,West Ham United
Michel Vorm,39,Goalkeeper,Netherlands,0,0,0,0,Tottenham Hotspur
Michy Batshuayi,29,Forward,Belgium,5,0,0,0,Crystal Palace
Miguel Ángel Almirón Rejala,28,Midfielder,Paraguay,0,0,0,0,Newcastle United
Miguel Ángel Britos Cabrera,37,Defender,Uruguay,0,0,0,0,Watford
Mohamed Diamé,35,Midfielder,Senegal,0,0,3,0,Newcastle United
Mohamed Elneny,30,Midfielder,Egypt,0,0,0,0,Arsenal
Mohamed Elyounoussi,28,Midfielder,Norway,0,0,0,0,Southampton
Mohamed Salah,30,Forward,Egypt,22,8,1,0,Liverpool
Morgan Gibbs-White,22,Midfielder,England,0,1,1,0,Wolverhampton Wanderers
Morgan Schneiderlin,32,Midfielder,France,0,1,2,0,Everton
Moussa Dembele,35,Midfielder,Belgium,0,0,1,0,Tottenham Hotspur
Moussa Sissoko,33,Midfielder,France,0,3,2,0,Tottenham Hotspur
N'Golo Kanté,31,Midfielder,France,4,4,3,0,Chelsea
Naby Deco Keïta,27,Midfielder,Guinea,2,1,0,0,Liverpool
Nacho Monreal,36,Defender,Spain,1,3,5,0,Arsenal
Nampalys Mendy,30,Midfielder,France,0,0,5,0,Leicester City
Nathan Aké,27,Defender,Netherlands,4,0,3,0,AFC Bournemouth
Nathan Holland,24,Midfielder,England,0,0,0,0,West Ham United
Nathan Redmond,28,Midfielder,England,6,4,3,0,Southampton
Nathaniel Chalobah,27,Midfielder,England,0,0,2,0,Watford
Nathaniel Clyne,31,Defender,England,0,1,2,0,AFC Bournemouth
Nathaniel Mendez-Laing,30,Midfielder,England,4,1,0,0,Cardiff City
Neeskens Kebano,30,Midfielder,Congo DR,0,0,0,0,Fulham
Neil Leonard Dula Etheridge,32,Goalkeeper,Philippines,0,0,2,0,Cardiff City
Nemanja Matić,34,Midfielder,Serbia,1,0,8,1,Manchester United
Nicolas Otamendi,34,Defender,Argentina,0,0,1,0,Manchester City
Nikola Tavares,23,Defender,England,0,0,0,0,Crystal Palace
Nnamdi Ofoborh,22,Midfielder,England,0,0,0,0,AFC Bournemouth
Oleksandr Zinchenko,25,Midfielder,Ukraine,0,3,1,0,Manchester City
Oliver Skipp,22,Midfielder,England,0,0,0,0,Tottenham Hotspur
Olivier Giroud,36,Forward,France,2,4,1,0,Chelsea
Onyinye Wilfred Ndidi,25,Midfielder,Nigeria,2,0,8,0,Leicester City
Oriol Romeu,31,Midfielder,Spain,1,0,11,0,Southampton
Oumar Niasse,32,Forward,Senegal,0,0,0,0,Cardiff City
Pablo Zabaleta,37,Defender,Argentina,0,1,4,0,West Ham United
Pape N'Diaye Souaré,32,Defender,Senegal,0,0,0,0,Crystal Palace
Pascal Groß,31,Midfielder,Germany,3,3,1,0,Brighton & Hove Albion
Patrick van Aanholt,32,Defender,Netherlands,3,2,3,0,Crystal Palace
Paul Dummett,31,Defender,Wales,0,0,1,0,Newcastle United
Paul Pogba,29,Midfielder,France,13,9,6,0,Manchester United
Paulo Dino Gazzaniga,30,Goalkeeper,Argentina,0,0,0,0,Tottenham Hotspur
Pedro Obiang,30,Midfielder,Equatorial Guinea,0,1,0,0,West Ham United
Pedro Rodriguez,35,Midfielder,Spain,8,2,2,0,Chelsea
Peter Crouch,41,Forward,England,0,0,1,0,Burnley
Petr Čech,40,Goalkeeper,Czech Republic,0,0,0,0,Arsenal
Phil Bardsley,37,Defender,Scotland,0,0,9,0,Burnley
Phil Jagielka,40,Defender,England,1,0,1,1,Everton
Phil Jones,30,Defender,England,0,1,1,0,Manchester United
Philip Billing,26,Midfielder,Denmark,2,0,7,0,Huddersfield Town
Philip Foden,22,Midfielder,England,1,0,0,0,Manchester City
Philippe Sandler,25,Defender,Netherlands,0,0,0,0,Manchester City
Pierre-Emerick Aubameyang,33,Forward,Gabon,22,5,0,0,Arsenal
Pierre-Emile Højbjerg,27,Midfielder,Denmark,4,3,10,2,Southampton
Rachid Ghezzal,30,Forward,Algeria,1,0,3,0,Leicester City
Rafael Euclides Soares Camacho,22,Midfielder,Portugal,0,0,0,0,Liverpool
Raheem Sterling,27,Forward,England,17,10,3,0,Manchester City
Rajiv van La Parra,31,Midfielder,Netherlands,0,0,0,0,Huddersfield Town
Ramadan Sobhi,25,Forward,Egypt,0,0,0,0,Huddersfield Town
Raúl Alonso Jiménez Rodríguez,31,Forward,Mexico,13,7,4,0,Wolverhampton Wanderers
Rhys Healey,27,Forward,England,0,0,0,0,Cardiff City
Ricardo Domingos Barbosa Pereira,29,Defender,Portugal,2,6,7,0,Leicester City
Richarlison de Andrade,25,Forward,Brazil,13,1,6,1,Everton
Riyad Mahrez,31,Midfielder,Algeria,7,4,0,0,Manchester City
Rob Holding,27,Defender,England,0,0,1,0,Arsenal
Robbie Brady,30,Midfielder,Republic of Ireland,0,1,4,1,Burnley
Robert Kenedy Nunes do Nascimento,26,Midfielder,Brazil,1,1,1,0,Newcastle United
Robert Snodgrass,35,Midfielder,Scotland,2,5,10,0,West Ham United
Roberto Firmino,31,Forward,Brazil,12,6,0,0,Liverpool
Roberto Maximiliano Pereyra,31,Forward,Argentina,6,1,3,0,Watford
Romain Saïss,32,Midfielder,Morocco,2,0,7,0,Wolverhampton Wanderers
Romelu Lukaku,29,Forward,Belgium,12,0,4,0,Manchester United
Rondon,33,Forward,Venezuela,11,7,1,0,Newcastle United
Ross Barkley,28,Midfielder,England,3,5,1,0,Chelsea
Rúben Diogo Da Silva Neves,25,Midfielder,Portugal,4,3,8,0,Wolverhampton Wanderers
Rúben Gonçalo Silva Nascimento Vinagre,23,Defender,Portugal,0,0,1,0,Wolverhampton Wanderers
Ruben Loftus-Cheek,26,Midfielder,England,6,2,0,0,Chelsea
Rui Pedro dos Santos Patrício,34,Goalkeeper,Portugal,0,0,0,0,Wolverhampton Wanderers
Ryan Bennett,32,Defender,England,1,0,12,0,Wolverhampton Wanderers
Ryan Bertrand,33,Defender,England,1,0,8,0,Southampton
Ryan Fraser,28,Midfielder,Scotland,7,14,2,0,AFC Bournemouth
Ryan Fredericks,30,Midfielder,England,1,0,5,0,West Ham United
Ryan Giles,22,Midfielder,England,0,0,0,0,Wolverhampton Wanderers
Ryan Guno Babel,35,Forward,Netherlands,5,3,3,0,Fulham
Ryan Schofield,22,Goalkeeper,England,0,0,0,0,Huddersfield Town
Ryan Sessegnon,22,Defender,England,2,6,0,0,Fulham
Sadio Mané,30,Forward,Senegal,22,1,2,0,Liverpool
Sam Gallagher,27,Forward,England,0,0,0,0,Southampton
Sam Surridge,24,Forward,England,0,0,0,0,AFC Bournemouth
Sam Vokes,33,Forward,Wales,3,0,0,0,Burnley
Sam Woods,24,Defender,England,0,0,0,0,Crystal Palace
Samir Nasri,35,Midfielder,France,0,2,0,0,West Ham United
Sandro Ramirez,27,Forward,Spain,0,0,0,0,Everton
Scott Dann,35,Defender,England,0,1,1,0,Crystal Palace
Scott McTominay,25,Midfielder,England,2,0,1,0,Manchester United
Sead Kolašinac,29,Defender,Bosnia and Herzegovina,0,5,5,0,Arsenal
Séamus Coleman,34,Defender,Republic of Ireland,2,2,1,0,Everton
Sean Longstaff,25,Midfielder,England,1,0,2,0,Newcastle United
Sean Morrison,31,Defender,England,1,3,6,0,Cardiff City
Sebastian Prödl,35,Defender,Austria,0,0,0,0,Watford
Serge Aurier,29,Defender,Ivory Coast,0,2,1,0,Tottenham Hotspur
Sergio Aguero,34,Forward,Argentina,21,8,3,0,Manchester City
Sergio Germán Romero,35,Goalkeeper,Argentina,0,0,0,0,Manchester United
Sergio Rico,29,Goalkeeper,Spain,0,0,1,0,Fulham
Shane Duffy,30,Defender,Republic of Ireland,5,1,5,1,Brighton & Hove Albion
Shane Long,35,Forward,Republic of Ireland,5,1,3,0,Southampton
Shinji Okazaki,36,Forward,Japan,0,1,0,0,Leicester City
Shkodran Mustafi,30,Defender,Germany,2,0,9,0,Arsenal
Simon Francis,37,Defender,England,0,2,1,0,AFC Bournemouth
Simon Mignolet,34,Goalkeeper,Belgium,0,0,0,0,Liverpool
Sokratis Papastathopoulos,34,Defender,Greece,1,2,12,0,Arsenal
Solomon March,28,Midfielder,England,1,5,1,0,Brighton & Hove Albion
Souleymane Bamba,37,Defender,Ivory Coast,4,1,7,0,Cardiff City
Stefan Marius Johansen,31,Midfielder,Norway,0,0,4,0,Fulham
Stefano Okaka,33,Forward,Italy,0,0,1,0,Watford
Stephan Lichtsteiner,38,Defender,Switzerland,0,0,3,0,Arsenal
Stephen Ward,37,Defender,Republic of Ireland,0,0,1,0,Burnley
Steve Cook,31,Defender,England,1,1,3,0,AFC Bournemouth
Steve Mounié,28,Forward,Benin,2,3,2,1,Huddersfield Town
Steven Davis,37,Midfielder,Northern Ireland,0,1,0,0,Southampton
Steven Defour,34,Midfielder,Belgium,0,0,0,0,Burnley
Stuart Armstrong,30,Midfielder,Scotland,3,2,2,0,Southampton
Sullay Kaikai,27,Midfielder,England,0,0,0,0,Crystal Palace
Sung-Yeung Ki,33,Midfielder,South Korea,0,1,2,0,Newcastle United
Tahith Chong,22,Forward,Netherlands,0,0,0,0,Manchester United
Terence Kongolo,28,Defender,Netherlands,1,1,4,0,Huddersfield Town
Theo Walcott,33,Forward,England,5,2,1,0,Everton
Tim Ream,35,Defender,USA,0,0,1,0,Fulham
Timothy Eyoma,22,Defender,England,0,0,0,0,Tottenham Hotspur
Timothy Fosu-Mensah,24,Defender,Netherlands,0,0,3,0,Fulham
Toby Alderweireld,33,Defender,Belgium,0,0,3,0,Tottenham Hotspur
Tom Cairney,31,Midfielder,Scotland,1,1,0,0,Fulham
Tom Cleverley,33,Midfielder,England,1,0,2,0,Watford
Tom Davies,24,Midfielder,England,0,0,3,0,Everton
Tom Heaton,36,Goalkeeper,England,0,0,3,0,Burnley
Tom Smith,30,Defender,England,0,0,3,1,Huddersfield Town
Trent Alexander-Arnold,24,Defender,England,1,12,3,0,Liverpool
Troy Deeney,34,Forward,England,9,5,5,1,Watford
Tyias Browning,28,Defender,England,0,0,0,0,Everton
Tyreke Johnson,24,Defender,England,0,0,0,0,Southampton
Tyrone Mings,29,Defender,England,0,0,0,0,AFC Bournemouth
Vicente Guaita,35,Goalkeeper,Spain,0,0,2,0,Crystal Palace
Vicente Iborra De La Fuente,34,Midfielder,Spain,0,0,0,0,Leicester City
Víctor Camarasa,28,Midfielder,Spain,5,4,6,0,Cardiff City
Victor Moses,31,Midfielder,Nigeria,0,0,0,0,Chelsea
Victor Nilsson Lindelöf,28,Defender,Sweden,1,1,1,0,Manchester United
Victor Wanyama,31,Midfielder,Kenya,1,0,2,0,Tottenham Hotspur
Viktor Gyökeres,24,Forward,Sweden,0,0,0,0,Brighton & Hove Albion
Vincent Janssen,28,Forward,Netherlands,0,0,0,0,Tottenham Hotspur
Vincent Kompany,36,Defender,Belgium,1,0,6,0,Manchester City
Virgil van Dijk,31,Defender,Netherlands,4,2,1,0,Liverpool
Wayne Hennessey,35,Goalkeeper,Wales,0,0,0,0,Crystal Palace
Wes Morgan,38,Defender,Jamaica,3,0,5,2,Leicester City
Wesley Hoedt,28,Defender,Netherlands,0,0,2,0,Southampton
Wilfredo Daniel Caballero,41,Goalkeeper,Argentina,0,0,0,0,Chelsea
Wilfried Zaha,29,Midfielder,Ivory Coast,10,5,10,1,Crystal Palace
Will Hughes,27,Midfielder,England,2,4,5,0,Watford
Will Norris,29,Goalkeeper,England,0,0,0,0,Wolverhampton Wanderers
Willian,34,Forward,Brazil,3,6,2,0,Chelsea
Willy Boly,31,Defender,France,4,0,3,1,Wolverhampton Wanderers
Xherdan Shaqiri,31,Midfielder,Switzerland,6,3,2,0,Liverpool
Yann Valery,23,Defender,France,2,1,5,1,Southampton
Yerry Fernando Mina González,28,Defender,Colombia,1,0,3,0,Everton
Yoshinori Muto,30,Forward,Japan,1,0,1,0,Newcastle United
Youri Tielemans,25,Midfielder,Belgium,3,4,2,0,Leicester City
Yves Bissouma,26,Midfielder,Mali,0,0,5,0,Brighton & Hove Albion
Zechariah Medley,22,Defender,England,0,0,0,0,Arsenal
Zeze Steven Sessegnon,22,Defender,England,0,0,0,0,Fulham
Łukasz Fabiański,37,Goalkeeper,Poland,0,0,0,0,West Ham United